('AFFAIR PREJUDICE', 'GAMES BOWFINGER') ==> ('CANYON STOCK',) support: 3 confidence: 100.0 
('AIRPORT POLLOCK', 'CONQUERER NUTS') ==> ('HUSTLER PARTY',) support: 3 confidence: 75.0 
('AIRPORT POLLOCK', 'HUSTLER PARTY') ==> ('CONQUERER NUTS',) support: 3 confidence: 100.0 
('ALASKA PHANTOM', 'FATAL HAUNTED') ==> ('MIDSUMMER GROUNDHOG',) support: 3 confidence: 100.0 
('ALASKA PHANTOM', 'SWARM GOLD') ==> ('MIDSUMMER GROUNDHOG',) support: 3 confidence: 100.0 
('ALTER VICTORY', 'APACHE DIVINE') ==> ('CAMELOT VACATION',) support: 3 confidence: 75.0 
('ALTER VICTORY', 'CAMELOT VACATION') ==> ('APACHE DIVINE',) support: 3 confidence: 75.0 
('ALTER VICTORY', 'ROBBERS JOON') ==> ('WOLVES DESIRE',) support: 3 confidence: 100.0 
('ALTER VICTORY', 'WOLVES DESIRE') ==> ('ROBBERS JOON',) support: 3 confidence: 100.0 
('AMADEUS HOLY', 'BOOGIE AMELIE') ==> ('TIGHTS DAWN',) support: 3 confidence: 75.0 
('AMADEUS HOLY', 'TIGHTS DAWN') ==> ('BOOGIE AMELIE',) support: 3 confidence: 100.0 
('AMISTAD MIDSUMMER', 'BOOGIE AMELIE') ==> ('OPERATION OPERATION',) support: 3 confidence: 75.0 
('AMISTAD MIDSUMMER', 'BOOGIE AMELIE') ==> ('SILENCE KANE',) support: 3 confidence: 75.0 
('AMISTAD MIDSUMMER', 'OPERATION OPERATION') ==> ('BOOGIE AMELIE',) support: 3 confidence: 100.0 
('AMISTAD MIDSUMMER', 'SILENCE KANE') ==> ('BOOGIE AMELIE',) support: 3 confidence: 100.0 
('ANGELS LIFE', 'PACIFIC AMISTAD') ==> ('SOUTH WAIT',) support: 3 confidence: 75.0 
('ANGELS LIFE', 'SOUTH WAIT') ==> ('PACIFIC AMISTAD',) support: 3 confidence: 100.0 
('ANTHEM LUKE', 'HILLS NEIGHBORS') ==> ('IDOLS SNATCHERS',) support: 3 confidence: 100.0 
('ANTHEM LUKE', 'HILLS NEIGHBORS') ==> ('TROJAN TOMORROW',) support: 3 confidence: 100.0 
('ANTHEM LUKE', 'HILLS NEIGHBORS', 'IDOLS SNATCHERS') ==> ('TROJAN TOMORROW',) support: 3 confidence: 100.0 
('ANTHEM LUKE', 'HILLS NEIGHBORS', 'TROJAN TOMORROW') ==> ('IDOLS SNATCHERS',) support: 3 confidence: 100.0 
('ANTHEM LUKE', 'IDOLS SNATCHERS') ==> ('HILLS NEIGHBORS',) support: 3 confidence: 100.0 
('ANTHEM LUKE', 'IDOLS SNATCHERS') ==> ('TROJAN TOMORROW',) support: 3 confidence: 100.0 
('ANTHEM LUKE', 'IDOLS SNATCHERS', 'HILLS NEIGHBORS') ==> ('TROJAN TOMORROW',) support: 3 confidence: 100.0 
('ANTHEM LUKE', 'IDOLS SNATCHERS', 'TROJAN TOMORROW') ==> ('HILLS NEIGHBORS',) support: 3 confidence: 100.0 
('ANTHEM LUKE', 'TROJAN TOMORROW') ==> ('HILLS NEIGHBORS',) support: 3 confidence: 100.0 
('ANTHEM LUKE', 'TROJAN TOMORROW') ==> ('IDOLS SNATCHERS',) support: 3 confidence: 100.0 
('ANTHEM LUKE', 'TROJAN TOMORROW', 'HILLS NEIGHBORS') ==> ('IDOLS SNATCHERS',) support: 3 confidence: 100.0 
('ANTHEM LUKE', 'TROJAN TOMORROW', 'IDOLS SNATCHERS') ==> ('HILLS NEIGHBORS',) support: 3 confidence: 100.0 
('APACHE DIVINE', 'ALTER VICTORY') ==> ('CAMELOT VACATION',) support: 3 confidence: 75.0 
('APACHE DIVINE', 'CAMELOT VACATION') ==> ('ALTER VICTORY',) support: 3 confidence: 75.0 
('APACHE DIVINE', 'CHANCE RESURRECTION') ==> ('CLASH FREDDY',) support: 3 confidence: 100.0 
('APACHE DIVINE', 'CLASH FREDDY') ==> ('CHANCE RESURRECTION',) support: 3 confidence: 100.0 
('ARACHNOPHOBIA ROLLERCOASTER', 'TEEN APOLLO') ==> ('DORADO NOTTING',) support: 3 confidence: 75.0 
('ARMAGEDDON LOST', 'FELLOWSHIP AUTUMN') ==> ('SCALAWAG DUCK',) support: 3 confidence: 100.0 
('ARMAGEDDON LOST', 'SCALAWAG DUCK') ==> ('FELLOWSHIP AUTUMN',) support: 3 confidence: 100.0 
('ARMY FLINTSTONES', 'LOVE SUICIDES') ==> ('SPLENDOR PATTON',) support: 3 confidence: 100.0 
('ARMY FLINTSTONES', 'SPLENDOR PATTON') ==> ('LOVE SUICIDES',) support: 3 confidence: 100.0 
('BALLOON HOMEWARD', 'LOATHING LEGALLY') ==> ('ROUGE SQUAD',) support: 3 confidence: 75.0 
('BALLOON HOMEWARD', 'ROUGE SQUAD') ==> ('LOATHING LEGALLY',) support: 3 confidence: 75.0 
('BARBARELLA STREETCAR', 'FORWARD TEMPLE') ==> ('RIDGEMONT SUBMARINE',) support: 3 confidence: 100.0 
('BARBARELLA STREETCAR', 'RIDGEMONT SUBMARINE') ==> ('FORWARD TEMPLE',) support: 3 confidence: 75.0 
('BARBARELLA STREETCAR', 'RIDGEMONT SUBMARINE') ==> ('WITCHES PANIC',) support: 3 confidence: 75.0 
('BARBARELLA STREETCAR', 'WITCHES PANIC') ==> ('RIDGEMONT SUBMARINE',) support: 3 confidence: 75.0 
('BIKINI BORROWERS', 'FATAL HAUNTED') ==> ('HALF OUTFIELD',) support: 3 confidence: 100.0 
('BIKINI BORROWERS', 'HALF OUTFIELD') ==> ('FATAL HAUNTED',) support: 3 confidence: 100.0 
('BINGO TALENTED', 'GREEDY ROOTS') ==> ('FLYING HOOK',) support: 3 confidence: 100.0 
('BINGO TALENTED', 'KNOCK WARLOCK') ==> ('REDEMPTION COMFORTS',) support: 3 confidence: 100.0 
('BINGO TALENTED', 'REDEMPTION COMFORTS') ==> ('KNOCK WARLOCK',) support: 3 confidence: 100.0 
('BIRCH ANTITRUST', 'FIREBALL PHILADELPHIA') ==> ('SPEAKEASY DATE',) support: 3 confidence: 100.0 
('BIRCH ANTITRUST', 'SPEAKEASY DATE') ==> ('FIREBALL PHILADELPHIA',) support: 3 confidence: 100.0 
('BLADE POLISH', 'DEER VIRGINIAN') ==> ('INNOCENT USUAL',) support: 3 confidence: 75.0 
('BLUES INSTINCT', 'EAGLES PANKY') ==> ('NIGHTMARE CHILL',) support: 3 confidence: 100.0 
('BLUES INSTINCT', 'NIGHTMARE CHILL') ==> ('EAGLES PANKY',) support: 3 confidence: 75.0 
('BOOGIE AMELIE', 'AMADEUS HOLY') ==> ('TIGHTS DAWN',) support: 3 confidence: 75.0 
('BOOGIE AMELIE', 'AMISTAD MIDSUMMER') ==> ('OPERATION OPERATION',) support: 3 confidence: 75.0 
('BOOGIE AMELIE', 'AMISTAD MIDSUMMER') ==> ('SILENCE KANE',) support: 3 confidence: 75.0 
('BOOGIE AMELIE', 'OPERATION OPERATION') ==> ('AMISTAD MIDSUMMER',) support: 3 confidence: 75.0 
('BOOGIE AMELIE', 'SILENCE KANE') ==> ('AMISTAD MIDSUMMER',) support: 3 confidence: 100.0 
('BOOGIE AMELIE', 'TIGHTS DAWN') ==> ('AMADEUS HOLY',) support: 3 confidence: 75.0 
('BOUND CHEAPER', 'GILMORE BOILED') ==> ('HALF OUTFIELD',) support: 3 confidence: 100.0 
('BOUND CHEAPER', 'HALF OUTFIELD') ==> ('GILMORE BOILED',) support: 3 confidence: 75.0 
('BUTTERFLY CHOCOLAT', 'DISTURBING SCARFACE') ==> ('QUEEN LUKE',) support: 3 confidence: 75.0 
('CAMELOT VACATION', 'ALTER VICTORY') ==> ('APACHE DIVINE',) support: 3 confidence: 75.0 
('CAMELOT VACATION', 'APACHE DIVINE') ==> ('ALTER VICTORY',) support: 3 confidence: 75.0 
('CAMELOT VACATION', 'FISH OPUS') ==> ('ICE CROSSING',) support: 3 confidence: 100.0 
('CAMELOT VACATION', 'ICE CROSSING') ==> ('FISH OPUS',) support: 3 confidence: 100.0 
('CAMPUS REMEMBER', 'SPY MILE') ==> ('VIRGINIAN PLUTO',) support: 3 confidence: 100.0 
('CANYON STOCK', 'GAMES BOWFINGER') ==> ('AFFAIR PREJUDICE',) support: 3 confidence: 100.0 
('CELEBRITY HORN', 'TIMBERLAND SKY') ==> ('TOURIST PELICAN',) support: 3 confidence: 75.0 
('CHANCE RESURRECTION', 'APACHE DIVINE') ==> ('CLASH FREDDY',) support: 3 confidence: 100.0 
('CHANCE RESURRECTION', 'CLASH FREDDY') ==> ('APACHE DIVINE',) support: 3 confidence: 100.0 
('CHANCE RESURRECTION', 'GROUNDHOG UNCUT') ==> ('PHILADELPHIA WIFE',) support: 3 confidence: 100.0 
('CHANCE RESURRECTION', 'OUTFIELD MASSACRE') ==> ('HORROR REIGN',) support: 3 confidence: 75.0 
('CHICKEN HELLFIGHTERS', 'WARDROBE PHANTOM') ==> ('WITCHES PANIC',) support: 3 confidence: 75.0 
('CIDER DESIRE', 'CORE SUIT') ==> ('FIREBALL PHILADELPHIA',) support: 3 confidence: 100.0 
('CIDER DESIRE', 'CURTAIN VIDEOTAPE') ==> ('FIREBALL PHILADELPHIA',) support: 3 confidence: 100.0 
('CIDER DESIRE', 'FIREBALL PHILADELPHIA') ==> ('CORE SUIT',) support: 3 confidence: 75.0 
('CIDER DESIRE', 'FIREBALL PHILADELPHIA') ==> ('CURTAIN VIDEOTAPE',) support: 3 confidence: 75.0 
('CLASH FREDDY', 'APACHE DIVINE') ==> ('CHANCE RESURRECTION',) support: 3 confidence: 100.0 
('CLASH FREDDY', 'CHANCE RESURRECTION') ==> ('APACHE DIVINE',) support: 3 confidence: 100.0 
('CLASH FREDDY', 'FELLOWSHIP AUTUMN') ==> ('STAR OPERATION',) support: 3 confidence: 75.0 
('CLASH FREDDY', 'STAR OPERATION') ==> ('FELLOWSHIP AUTUMN',) support: 3 confidence: 100.0 
('CLEOPATRA DEVIL', 'HORN WORKING') ==> ('SHAWSHANK BUBBLE',) support: 3 confidence: 75.0 
('CLEOPATRA DEVIL', 'SHAWSHANK BUBBLE') ==> ('HORN WORKING',) support: 3 confidence: 100.0 
('CLUELESS BUCKET', 'FANTASY TROOPERS') ==> ('TELEGRAPH VOYAGE',) support: 3 confidence: 100.0 
('CLUELESS BUCKET', 'TELEGRAPH VOYAGE') ==> ('FANTASY TROOPERS',) support: 3 confidence: 100.0 
('COAST RAINBOW', 'SPY MILE') ==> ('VIRGINIAN PLUTO',) support: 3 confidence: 75.0 
('COAST RAINBOW', 'VIRGINIAN PLUTO') ==> ('SPY MILE',) support: 3 confidence: 100.0 
('CONQUERER NUTS', 'AIRPORT POLLOCK') ==> ('HUSTLER PARTY',) support: 3 confidence: 75.0 
('CONQUERER NUTS', 'HUSTLER PARTY') ==> ('AIRPORT POLLOCK',) support: 3 confidence: 100.0 
('CORE SUIT', 'CIDER DESIRE') ==> ('FIREBALL PHILADELPHIA',) support: 3 confidence: 100.0 
('CORE SUIT', 'FIREBALL PHILADELPHIA') ==> ('CIDER DESIRE',) support: 3 confidence: 100.0 
('CUPBOARD SINNERS', 'FATAL HAUNTED') ==> ('HEARTBREAKERS BRIGHT',) support: 3 confidence: 100.0 
('CUPBOARD SINNERS', 'HEARTBREAKERS BRIGHT') ==> ('FATAL HAUNTED',) support: 3 confidence: 75.0 
('CURTAIN VIDEOTAPE', 'CIDER DESIRE') ==> ('FIREBALL PHILADELPHIA',) support: 3 confidence: 100.0 
('DALMATIONS SWEDEN', 'PELICAN COMFORTS') ==> ('SHEPHERD MIDSUMMER',) support: 3 confidence: 100.0 
('DALMATIONS SWEDEN', 'SHEPHERD MIDSUMMER') ==> ('PELICAN COMFORTS',) support: 3 confidence: 100.0 
('DANCING FEVER', 'DANGEROUS UPTOWN') ==> ('SWEETHEARTS SUSPECTS',) support: 3 confidence: 100.0 
('DANCING FEVER', 'SWEETHEARTS SUSPECTS') ==> ('DANGEROUS UPTOWN',) support: 3 confidence: 75.0 
('DANGEROUS UPTOWN', 'DANCING FEVER') ==> ('SWEETHEARTS SUSPECTS',) support: 3 confidence: 100.0 
('DANGEROUS UPTOWN', 'SWEETHEARTS SUSPECTS') ==> ('DANCING FEVER',) support: 3 confidence: 100.0 
('DATE SPEED', 'GILMORE BOILED') ==> ('HALF OUTFIELD',) support: 3 confidence: 75.0 
('DEER VIRGINIAN', 'BLADE POLISH') ==> ('INNOCENT USUAL',) support: 3 confidence: 75.0 
('DEER VIRGINIAN', 'INNOCENT USUAL') ==> ('BLADE POLISH',) support: 3 confidence: 75.0 
('DETAILS PACKER', 'GROOVE FICTION') ==> ('SNOWMAN ROLLERCOASTER',) support: 3 confidence: 75.0 
('DETAILS PACKER', 'SNOWMAN ROLLERCOASTER') ==> ('GROOVE FICTION',) support: 3 confidence: 100.0 
('DISTURBING SCARFACE', 'BUTTERFLY CHOCOLAT') ==> ('QUEEN LUKE',) support: 3 confidence: 75.0 
('DISTURBING SCARFACE', 'QUEEN LUKE') ==> ('BUTTERFLY CHOCOLAT',) support: 3 confidence: 100.0 
('DISTURBING SCARFACE', 'SLIPPER FIDELITY') ==> ('RIDGEMONT SUBMARINE',) support: 3 confidence: 75.0 
('DOGMA FAMILY', 'FORRESTER COMANCHEROS') ==> ('NATIONAL STORY',) support: 3 confidence: 75.0 
('DOGMA FAMILY', 'NATIONAL STORY') ==> ('FORRESTER COMANCHEROS',) support: 3 confidence: 100.0 
('DOUBLE WRATH', 'GOODFELLAS SALUTE') ==> ('TRADING PINOCCHIO',) support: 3 confidence: 75.0 
('DOUBLE WRATH', 'TRADING PINOCCHIO') ==> ('GOODFELLAS SALUTE',) support: 3 confidence: 100.0 
('EAGLES PANKY', 'BLUES INSTINCT') ==> ('NIGHTMARE CHILL',) support: 3 confidence: 100.0 
('EAGLES PANKY', 'NIGHTMARE CHILL') ==> ('BLUES INSTINCT',) support: 3 confidence: 100.0 
('EFFECT GLADIATOR', 'ENGLISH BULWORTH') ==> ('SINNERS ATLANTIS',) support: 3 confidence: 100.0 
('EFFECT GLADIATOR', 'SINNERS ATLANTIS') ==> ('ENGLISH BULWORTH',) support: 3 confidence: 100.0 
('ENGLISH BULWORTH', 'EFFECT GLADIATOR') ==> ('SINNERS ATLANTIS',) support: 3 confidence: 100.0 
('ENGLISH BULWORTH', 'SINNERS ATLANTIS') ==> ('EFFECT GLADIATOR',) support: 3 confidence: 75.0 
('ESCAPE METROPOLIS', 'HUNCHBACK IMPOSSIBLE') ==> ('WRONG BEHAVIOR',) support: 3 confidence: 75.0 
('ESCAPE METROPOLIS', 'WRONG BEHAVIOR') ==> ('HUNCHBACK IMPOSSIBLE',) support: 3 confidence: 100.0 
('EXPENDABLE STALLION', 'FISH OPUS') ==> ('LADY STAGE',) support: 3 confidence: 100.0 
('FANTASY TROOPERS', 'CLUELESS BUCKET') ==> ('TELEGRAPH VOYAGE',) support: 3 confidence: 100.0 
('FANTASY TROOPERS', 'TELEGRAPH VOYAGE') ==> ('CLUELESS BUCKET',) support: 3 confidence: 100.0 
('FATAL HAUNTED', 'ALASKA PHANTOM') ==> ('MIDSUMMER GROUNDHOG',) support: 3 confidence: 100.0 
('FATAL HAUNTED', 'BIKINI BORROWERS') ==> ('HALF OUTFIELD',) support: 3 confidence: 100.0 
('FATAL HAUNTED', 'CUPBOARD SINNERS') ==> ('HEARTBREAKERS BRIGHT',) support: 3 confidence: 100.0 
('FATAL HAUNTED', 'HALF OUTFIELD') ==> ('BIKINI BORROWERS',) support: 3 confidence: 75.0 
('FATAL HAUNTED', 'HEARTBREAKERS BRIGHT') ==> ('CUPBOARD SINNERS',) support: 3 confidence: 75.0 
('FATAL HAUNTED', 'MIDSUMMER GROUNDHOG') ==> ('ALASKA PHANTOM',) support: 3 confidence: 75.0 
('FEATHERS METAL', 'LIGHTS DEER') ==> ('PAYCHECK WAIT',) support: 3 confidence: 100.0 
('FEATHERS METAL', 'PAYCHECK WAIT') ==> ('LIGHTS DEER',) support: 3 confidence: 100.0 
('FELLOWSHIP AUTUMN', 'ARMAGEDDON LOST') ==> ('SCALAWAG DUCK',) support: 3 confidence: 100.0 
('FELLOWSHIP AUTUMN', 'CLASH FREDDY') ==> ('STAR OPERATION',) support: 3 confidence: 75.0 
('FELLOWSHIP AUTUMN', 'STAR OPERATION') ==> ('CLASH FREDDY',) support: 3 confidence: 100.0 
('FEUD FROGMEN', 'ROCKY WAR') ==> ('SWARM GOLD',) support: 3 confidence: 100.0 
('FEUD FROGMEN', 'SWARM GOLD') ==> ('ROCKY WAR',) support: 3 confidence: 75.0 
('FIREBALL PHILADELPHIA', 'BIRCH ANTITRUST') ==> ('SPEAKEASY DATE',) support: 3 confidence: 100.0 
('FIREBALL PHILADELPHIA', 'CIDER DESIRE') ==> ('CORE SUIT',) support: 3 confidence: 75.0 
('FIREBALL PHILADELPHIA', 'CIDER DESIRE') ==> ('CURTAIN VIDEOTAPE',) support: 3 confidence: 75.0 
('FIREBALL PHILADELPHIA', 'CORE SUIT') ==> ('CIDER DESIRE',) support: 3 confidence: 100.0 
('FIREBALL PHILADELPHIA', 'SPEAKEASY DATE') ==> ('BIRCH ANTITRUST',) support: 3 confidence: 100.0 
('FISH OPUS', 'CAMELOT VACATION') ==> ('ICE CROSSING',) support: 3 confidence: 100.0 
('FISH OPUS', 'EXPENDABLE STALLION') ==> ('LADY STAGE',) support: 3 confidence: 100.0 
('FISH OPUS', 'ICE CROSSING') ==> ('CAMELOT VACATION',) support: 3 confidence: 100.0 
('FISH OPUS', 'LADY STAGE') ==> ('EXPENDABLE STALLION',) support: 3 confidence: 75.0 
('FLASH WARS', 'MILLION ACE') ==> ('MOON BUNCH',) support: 3 confidence: 100.0 
('FLASH WARS', 'MOON BUNCH') ==> ('MILLION ACE',) support: 3 confidence: 100.0 
('FLYING HOOK', 'GREEDY ROOTS') ==> ('BINGO TALENTED',) support: 3 confidence: 100.0 
('FORRESTER COMANCHEROS', 'DOGMA FAMILY') ==> ('NATIONAL STORY',) support: 3 confidence: 75.0 
('FORRESTER COMANCHEROS', 'NATIONAL STORY') ==> ('DOGMA FAMILY',) support: 3 confidence: 75.0 
('FORWARD TEMPLE', 'BARBARELLA STREETCAR') ==> ('RIDGEMONT SUBMARINE',) support: 3 confidence: 100.0 
('FORWARD TEMPLE', 'RIDGEMONT SUBMARINE') ==> ('BARBARELLA STREETCAR',) support: 3 confidence: 75.0 
('FREDDY STORM', 'JUGGLER HARDLY') ==> ('SAGEBRUSH CLUELESS',) support: 3 confidence: 100.0 
('FREDDY STORM', 'SAGEBRUSH CLUELESS') ==> ('JUGGLER HARDLY',) support: 3 confidence: 100.0 
('FROST HEAD', 'SAMURAI LION') ==> ('STEEL SANTA',) support: 3 confidence: 75.0 
('FROST HEAD', 'STEEL SANTA') ==> ('SAMURAI LION',) support: 3 confidence: 75.0 
('GABLES METROPOLIS', 'INNOCENT USUAL') ==> ('MOVIE SHAKESPEARE',) support: 3 confidence: 100.0 
('GABLES METROPOLIS', 'MOVIE SHAKESPEARE') ==> ('INNOCENT USUAL',) support: 3 confidence: 75.0 
('GAMES BOWFINGER', 'AFFAIR PREJUDICE') ==> ('CANYON STOCK',) support: 3 confidence: 100.0 
('GAMES BOWFINGER', 'CANYON STOCK') ==> ('AFFAIR PREJUDICE',) support: 3 confidence: 100.0 
('GHOST GROUNDHOG', 'KISSING DOLLS') ==> ('REDEMPTION COMFORTS',) support: 3 confidence: 100.0 
('GHOST GROUNDHOG', 'REDEMPTION COMFORTS') ==> ('KISSING DOLLS',) support: 3 confidence: 100.0 
('GILMORE BOILED', 'BOUND CHEAPER') ==> ('HALF OUTFIELD',) support: 3 confidence: 100.0 
('GILMORE BOILED', 'DATE SPEED') ==> ('HALF OUTFIELD',) support: 3 confidence: 75.0 
('GILMORE BOILED', 'MOURNING PURPLE') ==> ('HALF OUTFIELD',) support: 3 confidence: 75.0 
('GOODFELLAS SALUTE', 'DOUBLE WRATH') ==> ('TRADING PINOCCHIO',) support: 3 confidence: 75.0 
('GOODFELLAS SALUTE', 'NIGHTMARE CHILL') ==> ('CLASH FREDDY',) support: 3 confidence: 75.0 
('GOODFELLAS SALUTE', 'PACIFIC AMISTAD') ==> ('IDOLS SNATCHERS',) support: 3 confidence: 75.0 
('GOODFELLAS SALUTE', 'TRADING PINOCCHIO') ==> ('DOUBLE WRATH',) support: 3 confidence: 100.0 
('GREATEST NORTH', 'HOURS RAGE') ==> ('PACIFIC AMISTAD',) support: 3 confidence: 100.0 
('GREATEST NORTH', 'PACIFIC AMISTAD') ==> ('HOURS RAGE',) support: 3 confidence: 100.0 
('GREEDY ROOTS', 'BINGO TALENTED') ==> ('FLYING HOOK',) support: 3 confidence: 100.0 
('GREEDY ROOTS', 'FLYING HOOK') ==> ('BINGO TALENTED',) support: 3 confidence: 100.0 
('GREEK EVERYONE', 'NIGHTMARE CHILL') ==> ('SOUTH WAIT',) support: 3 confidence: 100.0 
('GREEK EVERYONE', 'SOUTH WAIT') ==> ('NIGHTMARE CHILL',) support: 3 confidence: 100.0 
('GROOVE FICTION', 'DETAILS PACKER') ==> ('SNOWMAN ROLLERCOASTER',) support: 3 confidence: 75.0 
('GROOVE FICTION', 'SNOWMAN ROLLERCOASTER') ==> ('DETAILS PACKER',) support: 3 confidence: 100.0 
('GROUNDHOG UNCUT', 'CHANCE RESURRECTION') ==> ('PHILADELPHIA WIFE',) support: 3 confidence: 100.0 
('GROUNDHOG UNCUT', 'PHILADELPHIA WIFE') ==> ('CHANCE RESURRECTION',) support: 3 confidence: 100.0 
('HALF OUTFIELD', 'BIKINI BORROWERS') ==> ('FATAL HAUNTED',) support: 3 confidence: 100.0 
('HALF OUTFIELD', 'BOUND CHEAPER') ==> ('GILMORE BOILED',) support: 3 confidence: 75.0 
('HALF OUTFIELD', 'FATAL HAUNTED') ==> ('BIKINI BORROWERS',) support: 3 confidence: 75.0 
('HALF OUTFIELD', 'MOURNING PURPLE') ==> ('GILMORE BOILED',) support: 3 confidence: 100.0 
('HARDLY ROBBERS',) ==> ('BROTHERHOOD BLANKET',) support: 4 confidence: 100.0 
('HEARTBREAKERS BRIGHT', 'CUPBOARD SINNERS') ==> ('FATAL HAUNTED',) support: 3 confidence: 75.0 
('HEARTBREAKERS BRIGHT', 'FATAL HAUNTED') ==> ('CUPBOARD SINNERS',) support: 3 confidence: 75.0 
('HILLS NEIGHBORS', 'ANTHEM LUKE') ==> ('IDOLS SNATCHERS',) support: 3 confidence: 100.0 
('HILLS NEIGHBORS', 'ANTHEM LUKE') ==> ('TROJAN TOMORROW',) support: 3 confidence: 100.0 
('HILLS NEIGHBORS', 'ANTHEM LUKE', 'IDOLS SNATCHERS') ==> ('TROJAN TOMORROW',) support: 3 confidence: 100.0 
('HILLS NEIGHBORS', 'ANTHEM LUKE', 'TROJAN TOMORROW') ==> ('IDOLS SNATCHERS',) support: 3 confidence: 100.0 
('HILLS NEIGHBORS', 'IDOLS SNATCHERS') ==> ('ANTHEM LUKE',) support: 3 confidence: 100.0 
('HILLS NEIGHBORS', 'IDOLS SNATCHERS') ==> ('TROJAN TOMORROW',) support: 3 confidence: 100.0 
('HILLS NEIGHBORS', 'IDOLS SNATCHERS', 'ANTHEM LUKE') ==> ('TROJAN TOMORROW',) support: 3 confidence: 100.0 
('HILLS NEIGHBORS', 'IDOLS SNATCHERS', 'TROJAN TOMORROW') ==> ('ANTHEM LUKE',) support: 3 confidence: 100.0 
('HILLS NEIGHBORS', 'TROJAN TOMORROW') ==> ('ANTHEM LUKE',) support: 3 confidence: 75.0 
('HILLS NEIGHBORS', 'TROJAN TOMORROW') ==> ('IDOLS SNATCHERS',) support: 3 confidence: 75.0 
('HILLS NEIGHBORS', 'TROJAN TOMORROW', 'ANTHEM LUKE') ==> ('IDOLS SNATCHERS',) support: 3 confidence: 100.0 
('HILLS NEIGHBORS', 'TROJAN TOMORROW', 'IDOLS SNATCHERS') ==> ('ANTHEM LUKE',) support: 3 confidence: 100.0 
('HORN WORKING', 'CLEOPATRA DEVIL') ==> ('SHAWSHANK BUBBLE',) support: 3 confidence: 75.0 
('HORN WORKING', 'SHAWSHANK BUBBLE') ==> ('CLEOPATRA DEVIL',) support: 3 confidence: 75.0 
('HORROR REIGN', 'OUTFIELD MASSACRE') ==> ('CHANCE RESURRECTION',) support: 3 confidence: 100.0 
('HOURS RAGE', 'GREATEST NORTH') ==> ('PACIFIC AMISTAD',) support: 3 confidence: 100.0 
('HOURS RAGE', 'PACIFIC AMISTAD') ==> ('GREATEST NORTH',) support: 3 confidence: 100.0 
('HUNCHBACK IMPOSSIBLE', 'ESCAPE METROPOLIS') ==> ('WRONG BEHAVIOR',) support: 3 confidence: 75.0 
('HUNCHBACK IMPOSSIBLE', 'WRONG BEHAVIOR') ==> ('ESCAPE METROPOLIS',) support: 3 confidence: 100.0 
('HUSTLER PARTY', 'AIRPORT POLLOCK') ==> ('CONQUERER NUTS',) support: 3 confidence: 100.0 
('HUSTLER PARTY', 'CONQUERER NUTS') ==> ('AIRPORT POLLOCK',) support: 3 confidence: 100.0 
('ICE CROSSING', 'CAMELOT VACATION') ==> ('FISH OPUS',) support: 3 confidence: 100.0 
('ICE CROSSING', 'FISH OPUS') ==> ('CAMELOT VACATION',) support: 3 confidence: 100.0 
('IDOLS SNATCHERS', 'ANTHEM LUKE') ==> ('HILLS NEIGHBORS',) support: 3 confidence: 100.0 
('IDOLS SNATCHERS', 'ANTHEM LUKE') ==> ('TROJAN TOMORROW',) support: 3 confidence: 100.0 
('IDOLS SNATCHERS', 'ANTHEM LUKE', 'HILLS NEIGHBORS') ==> ('TROJAN TOMORROW',) support: 3 confidence: 100.0 
('IDOLS SNATCHERS', 'ANTHEM LUKE', 'TROJAN TOMORROW') ==> ('HILLS NEIGHBORS',) support: 3 confidence: 100.0 
('IDOLS SNATCHERS', 'HILLS NEIGHBORS') ==> ('ANTHEM LUKE',) support: 3 confidence: 100.0 
('IDOLS SNATCHERS', 'HILLS NEIGHBORS') ==> ('TROJAN TOMORROW',) support: 3 confidence: 100.0 
('IDOLS SNATCHERS', 'HILLS NEIGHBORS', 'ANTHEM LUKE') ==> ('TROJAN TOMORROW',) support: 3 confidence: 100.0 
('IDOLS SNATCHERS', 'HILLS NEIGHBORS', 'TROJAN TOMORROW') ==> ('ANTHEM LUKE',) support: 3 confidence: 100.0 
('IDOLS SNATCHERS', 'PACIFIC AMISTAD') ==> ('GOODFELLAS SALUTE',) support: 3 confidence: 100.0 
('IDOLS SNATCHERS', 'TROJAN TOMORROW') ==> ('ANTHEM LUKE',) support: 3 confidence: 75.0 
('IDOLS SNATCHERS', 'TROJAN TOMORROW') ==> ('HILLS NEIGHBORS',) support: 3 confidence: 75.0 
('IDOLS SNATCHERS', 'TROJAN TOMORROW', 'ANTHEM LUKE') ==> ('HILLS NEIGHBORS',) support: 3 confidence: 100.0 
('IDOLS SNATCHERS', 'TROJAN TOMORROW', 'HILLS NEIGHBORS') ==> ('ANTHEM LUKE',) support: 3 confidence: 100.0 
('INNOCENT USUAL', 'DEER VIRGINIAN') ==> ('BLADE POLISH',) support: 3 confidence: 75.0 
('INNOCENT USUAL', 'GABLES METROPOLIS') ==> ('MOVIE SHAKESPEARE',) support: 3 confidence: 100.0 
('INNOCENT USUAL', 'MOVIE SHAKESPEARE') ==> ('GABLES METROPOLIS',) support: 3 confidence: 100.0 
('JEKYLL FROGMEN', 'SCARFACE BANG') ==> ('SHAKESPEARE SADDLE',) support: 3 confidence: 75.0 
('JEKYLL FROGMEN', 'SHAKESPEARE SADDLE') ==> ('SCARFACE BANG',) support: 3 confidence: 100.0 
('JERK PAYCHECK', 'LAWLESS VISION') ==> ('MOON BUNCH',) support: 3 confidence: 75.0 
('JERK PAYCHECK', 'MOON BUNCH') ==> ('LAWLESS VISION',) support: 3 confidence: 75.0 
('JUGGLER HARDLY', 'FREDDY STORM') ==> ('SAGEBRUSH CLUELESS',) support: 3 confidence: 100.0 
('JUGGLER HARDLY', 'SAGEBRUSH CLUELESS') ==> ('FREDDY STORM',) support: 3 confidence: 75.0 
('JUGGLER HARDLY', 'SNATCH SLIPPER') ==> ('WESTWARD SEABISCUIT',) support: 3 confidence: 100.0 
('JUGGLER HARDLY', 'WESTWARD SEABISCUIT') ==> ('SNATCH SLIPPER',) support: 3 confidence: 100.0 
('KISSING DOLLS', 'GHOST GROUNDHOG') ==> ('REDEMPTION COMFORTS',) support: 3 confidence: 100.0 
('KISSING DOLLS', 'REDEMPTION COMFORTS') ==> ('GHOST GROUNDHOG',) support: 3 confidence: 100.0 
('KISSING DOLLS', 'REQUIEM TYCOON') ==> ('TORQUE BOUND',) support: 3 confidence: 100.0 
('KISSING DOLLS', 'TORQUE BOUND') ==> ('REQUIEM TYCOON',) support: 3 confidence: 100.0 
('KNOCK WARLOCK', 'BINGO TALENTED') ==> ('REDEMPTION COMFORTS',) support: 3 confidence: 100.0 
('KNOCK WARLOCK', 'REDEMPTION COMFORTS') ==> ('BINGO TALENTED',) support: 3 confidence: 100.0 
('LADY STAGE', 'FISH OPUS') ==> ('EXPENDABLE STALLION',) support: 3 confidence: 75.0 
('LAWLESS VISION', 'JERK PAYCHECK') ==> ('MOON BUNCH',) support: 3 confidence: 75.0 
('LAWLESS VISION', 'MOON BUNCH') ==> ('JERK PAYCHECK',) support: 3 confidence: 100.0 
('LAWRENCE LOVE', 'SLIPPER FIDELITY') ==> ('SORORITY QUEEN',) support: 3 confidence: 100.0 
('LAWRENCE LOVE', 'SORORITY QUEEN') ==> ('SLIPPER FIDELITY',) support: 3 confidence: 100.0 
('LIGHTS DEER', 'FEATHERS METAL') ==> ('PAYCHECK WAIT',) support: 3 confidence: 100.0 
('LIGHTS DEER', 'PAYCHECK WAIT') ==> ('FEATHERS METAL',) support: 3 confidence: 100.0 
('LOATHING LEGALLY', 'BALLOON HOMEWARD') ==> ('ROUGE SQUAD',) support: 3 confidence: 75.0 
('LOVE SUICIDES', 'ARMY FLINTSTONES') ==> ('SPLENDOR PATTON',) support: 3 confidence: 100.0 
('LOVE SUICIDES', 'SPLENDOR PATTON') ==> ('ARMY FLINTSTONES',) support: 3 confidence: 100.0 
('LOVE SUICIDES', 'STEPMOM DREAM') ==> ('TELEMARK HEARTBREAKERS',) support: 3 confidence: 100.0 
('LOVE SUICIDES', 'TELEMARK HEARTBREAKERS') ==> ('STEPMOM DREAM',) support: 3 confidence: 100.0 
('LOVER TRUMAN', 'NAME DETECTIVE') ==> ('SINNERS ATLANTIS',) support: 3 confidence: 100.0 
('LOVER TRUMAN', 'SINNERS ATLANTIS') ==> ('NAME DETECTIVE',) support: 3 confidence: 100.0 
('MADRE GABLES', 'PRINCESS GIANT') ==> ('STATE WASTELAND',) support: 3 confidence: 100.0 
('MADRE GABLES', 'STATE WASTELAND') ==> ('PRINCESS GIANT',) support: 3 confidence: 100.0 
('MAIDEN HOME', 'MOCKINGBIRD HOLLYWOOD') ==> ('TOMATOES HELLFIGHTERS',) support: 3 confidence: 75.0 
('MAIDEN HOME', 'TOMATOES HELLFIGHTERS') ==> ('MOCKINGBIRD HOLLYWOOD',) support: 3 confidence: 75.0 
('MIDSUMMER GROUNDHOG', 'FATAL HAUNTED') ==> ('ALASKA PHANTOM',) support: 3 confidence: 75.0 
('MIDSUMMER GROUNDHOG', 'SWARM GOLD') ==> ('ALASKA PHANTOM',) support: 3 confidence: 100.0 
('MILLION ACE', 'FLASH WARS') ==> ('MOON BUNCH',) support: 3 confidence: 100.0 
('MILLION ACE', 'MOON BUNCH') ==> ('FLASH WARS',) support: 3 confidence: 75.0 
('MILLION ACE', 'PULP BEVERLY') ==> ('WORKING MICROCOSMOS',) support: 3 confidence: 100.0 
('MOCKINGBIRD HOLLYWOOD', 'MAIDEN HOME') ==> ('TOMATOES HELLFIGHTERS',) support: 3 confidence: 75.0 
('MOCKINGBIRD HOLLYWOOD', 'TOMATOES HELLFIGHTERS') ==> ('MAIDEN HOME',) support: 3 confidence: 100.0 
('MOON BUNCH', 'FLASH WARS') ==> ('MILLION ACE',) support: 3 confidence: 100.0 
('MOON BUNCH', 'JERK PAYCHECK') ==> ('LAWLESS VISION',) support: 3 confidence: 75.0 
('MOON BUNCH', 'LAWLESS VISION') ==> ('JERK PAYCHECK',) support: 3 confidence: 100.0 
('MOON BUNCH', 'MILLION ACE') ==> ('FLASH WARS',) support: 3 confidence: 75.0 
('MOURNING PURPLE', 'GILMORE BOILED') ==> ('HALF OUTFIELD',) support: 3 confidence: 75.0 
('MOURNING PURPLE', 'HALF OUTFIELD') ==> ('GILMORE BOILED',) support: 3 confidence: 100.0 
('MOVIE SHAKESPEARE', 'GABLES METROPOLIS') ==> ('INNOCENT USUAL',) support: 3 confidence: 75.0 
('MOVIE SHAKESPEARE', 'INNOCENT USUAL') ==> ('GABLES METROPOLIS',) support: 3 confidence: 100.0 
('NAME DETECTIVE', 'LOVER TRUMAN') ==> ('SINNERS ATLANTIS',) support: 3 confidence: 100.0 
('NAME DETECTIVE', 'SINNERS ATLANTIS') ==> ('LOVER TRUMAN',) support: 3 confidence: 100.0 
('NATIONAL STORY', 'DOGMA FAMILY') ==> ('FORRESTER COMANCHEROS',) support: 3 confidence: 100.0 
('NATIONAL STORY', 'FORRESTER COMANCHEROS') ==> ('DOGMA FAMILY',) support: 3 confidence: 75.0 
('NIGHTMARE CHILL', 'BLUES INSTINCT') ==> ('EAGLES PANKY',) support: 3 confidence: 75.0 
('NIGHTMARE CHILL', 'EAGLES PANKY') ==> ('BLUES INSTINCT',) support: 3 confidence: 100.0 
('NIGHTMARE CHILL', 'GOODFELLAS SALUTE') ==> ('CLASH FREDDY',) support: 3 confidence: 75.0 
('NIGHTMARE CHILL', 'GREEK EVERYONE') ==> ('SOUTH WAIT',) support: 3 confidence: 100.0 
('NIGHTMARE CHILL', 'SOUTH WAIT') ==> ('GREEK EVERYONE',) support: 3 confidence: 100.0 
('OPERATION OPERATION', 'AMISTAD MIDSUMMER') ==> ('BOOGIE AMELIE',) support: 3 confidence: 100.0 
('OPERATION OPERATION', 'BOOGIE AMELIE') ==> ('AMISTAD MIDSUMMER',) support: 3 confidence: 75.0 
('OSCAR GOLD', 'REIGN GENTLEMEN') ==> ('RESERVOIR ADAPTATION',) support: 3 confidence: 75.0 
('OSCAR GOLD', 'RESERVOIR ADAPTATION') ==> ('REIGN GENTLEMEN',) support: 3 confidence: 100.0 
('OUTFIELD MASSACRE', 'CHANCE RESURRECTION') ==> ('HORROR REIGN',) support: 3 confidence: 75.0 
('OUTFIELD MASSACRE', 'HORROR REIGN') ==> ('CHANCE RESURRECTION',) support: 3 confidence: 100.0 
('PACIFIC AMISTAD', 'ANGELS LIFE') ==> ('SOUTH WAIT',) support: 3 confidence: 75.0 
('PACIFIC AMISTAD', 'GOODFELLAS SALUTE') ==> ('IDOLS SNATCHERS',) support: 3 confidence: 75.0 
('PACIFIC AMISTAD', 'GREATEST NORTH') ==> ('HOURS RAGE',) support: 3 confidence: 100.0 
('PACIFIC AMISTAD', 'HOURS RAGE') ==> ('GREATEST NORTH',) support: 3 confidence: 100.0 
('PACIFIC AMISTAD', 'IDOLS SNATCHERS') ==> ('GOODFELLAS SALUTE',) support: 3 confidence: 100.0 
('PACIFIC AMISTAD', 'SOUTH WAIT') ==> ('ANGELS LIFE',) support: 3 confidence: 100.0 
('PAYCHECK WAIT', 'FEATHERS METAL') ==> ('LIGHTS DEER',) support: 3 confidence: 100.0 
('PAYCHECK WAIT', 'LIGHTS DEER') ==> ('FEATHERS METAL',) support: 3 confidence: 100.0 
('PELICAN COMFORTS', 'DALMATIONS SWEDEN') ==> ('SHEPHERD MIDSUMMER',) support: 3 confidence: 100.0 
('PELICAN COMFORTS', 'SHEPHERD MIDSUMMER') ==> ('DALMATIONS SWEDEN',) support: 3 confidence: 100.0 
('PHILADELPHIA WIFE', 'GROUNDHOG UNCUT') ==> ('CHANCE RESURRECTION',) support: 3 confidence: 100.0 
('PRINCESS GIANT', 'MADRE GABLES') ==> ('STATE WASTELAND',) support: 3 confidence: 100.0 
('PRINCESS GIANT', 'STATE WASTELAND') ==> ('MADRE GABLES',) support: 3 confidence: 100.0 
('PULP BEVERLY', 'MILLION ACE') ==> ('WORKING MICROCOSMOS',) support: 3 confidence: 100.0 
('PULP BEVERLY', 'WORKING MICROCOSMOS') ==> ('MILLION ACE',) support: 3 confidence: 75.0 
('QUEEN LUKE', 'DISTURBING SCARFACE') ==> ('BUTTERFLY CHOCOLAT',) support: 3 confidence: 100.0 
('REDEMPTION COMFORTS', 'BINGO TALENTED') ==> ('KNOCK WARLOCK',) support: 3 confidence: 100.0 
('REDEMPTION COMFORTS', 'GHOST GROUNDHOG') ==> ('KISSING DOLLS',) support: 3 confidence: 100.0 
('REDEMPTION COMFORTS', 'KISSING DOLLS') ==> ('GHOST GROUNDHOG',) support: 3 confidence: 100.0 
('REDEMPTION COMFORTS', 'KNOCK WARLOCK') ==> ('BINGO TALENTED',) support: 3 confidence: 100.0 
('REIGN GENTLEMEN', 'OSCAR GOLD') ==> ('RESERVOIR ADAPTATION',) support: 3 confidence: 75.0 
('REIGN GENTLEMEN', 'RESERVOIR ADAPTATION') ==> ('OSCAR GOLD',) support: 3 confidence: 100.0 
('REQUIEM TYCOON', 'KISSING DOLLS') ==> ('TORQUE BOUND',) support: 3 confidence: 100.0 
('RESERVOIR ADAPTATION', 'OSCAR GOLD') ==> ('REIGN GENTLEMEN',) support: 3 confidence: 100.0 
('RESERVOIR ADAPTATION', 'REIGN GENTLEMEN') ==> ('OSCAR GOLD',) support: 3 confidence: 100.0 
('RIDGEMONT SUBMARINE', 'BARBARELLA STREETCAR') ==> ('FORWARD TEMPLE',) support: 3 confidence: 75.0 
('RIDGEMONT SUBMARINE', 'BARBARELLA STREETCAR') ==> ('WITCHES PANIC',) support: 3 confidence: 75.0 
('RIDGEMONT SUBMARINE', 'FORWARD TEMPLE') ==> ('BARBARELLA STREETCAR',) support: 3 confidence: 75.0 
('RIDGEMONT SUBMARINE', 'SLIPPER FIDELITY') ==> ('DISTURBING SCARFACE',) support: 3 confidence: 75.0 
('RIDGEMONT SUBMARINE', 'WITCHES PANIC') ==> ('BARBARELLA STREETCAR',) support: 3 confidence: 100.0 
('ROBBERS JOON', 'ALTER VICTORY') ==> ('WOLVES DESIRE',) support: 3 confidence: 100.0 
('ROBBERS JOON', 'WOLVES DESIRE') ==> ('ALTER VICTORY',) support: 3 confidence: 100.0 
('ROCKY WAR', 'FEUD FROGMEN') ==> ('SWARM GOLD',) support: 3 confidence: 100.0 
('ROCKY WAR', 'SWARM GOLD') ==> ('FEUD FROGMEN',) support: 3 confidence: 100.0 
('ROSES TREASURE', 'ZORRO ARK') ==> ('SEABISCUIT PUNK',) support: 3 confidence: 75.0 
('ROUGE SQUAD', 'BALLOON HOMEWARD') ==> ('LOATHING LEGALLY',) support: 3 confidence: 75.0 
('ROUGE SQUAD', 'SHEPHERD MIDSUMMER') ==> ('LOATHING LEGALLY',) support: 3 confidence: 100.0 
('SAGEBRUSH CLUELESS', 'FREDDY STORM') ==> ('JUGGLER HARDLY',) support: 3 confidence: 100.0 
('SAGEBRUSH CLUELESS', 'JUGGLER HARDLY') ==> ('FREDDY STORM',) support: 3 confidence: 75.0 
('SAMURAI LION', 'FROST HEAD') ==> ('STEEL SANTA',) support: 3 confidence: 75.0 
('SAMURAI LION', 'STEEL SANTA') ==> ('FROST HEAD',) support: 3 confidence: 75.0 
('SCALAWAG DUCK', 'ARMAGEDDON LOST') ==> ('FELLOWSHIP AUTUMN',) support: 3 confidence: 100.0 
('SCARFACE BANG', 'JEKYLL FROGMEN') ==> ('SHAKESPEARE SADDLE',) support: 3 confidence: 75.0 
('SCARFACE BANG', 'SHAKESPEARE SADDLE') ==> ('JEKYLL FROGMEN',) support: 3 confidence: 100.0 
('SEABISCUIT PUNK', 'ZORRO ARK') ==> ('ROSES TREASURE',) support: 3 confidence: 75.0 
('SHAKESPEARE SADDLE', 'JEKYLL FROGMEN') ==> ('SCARFACE BANG',) support: 3 confidence: 100.0 
('SHAKESPEARE SADDLE', 'SCARFACE BANG') ==> ('JEKYLL FROGMEN',) support: 3 confidence: 100.0 
('SHAWSHANK BUBBLE', 'CLEOPATRA DEVIL') ==> ('HORN WORKING',) support: 3 confidence: 100.0 
('SHAWSHANK BUBBLE', 'HORN WORKING') ==> ('CLEOPATRA DEVIL',) support: 3 confidence: 75.0 
('SHEPHERD MIDSUMMER', 'DALMATIONS SWEDEN') ==> ('PELICAN COMFORTS',) support: 3 confidence: 100.0 
('SHEPHERD MIDSUMMER', 'PELICAN COMFORTS') ==> ('DALMATIONS SWEDEN',) support: 3 confidence: 100.0 
('SHEPHERD MIDSUMMER', 'ROUGE SQUAD') ==> ('LOATHING LEGALLY',) support: 3 confidence: 100.0 
('SILENCE KANE', 'AMISTAD MIDSUMMER') ==> ('BOOGIE AMELIE',) support: 3 confidence: 100.0 
('SILENCE KANE', 'BOOGIE AMELIE') ==> ('AMISTAD MIDSUMMER',) support: 3 confidence: 100.0 
('SINNERS ATLANTIS', 'EFFECT GLADIATOR') ==> ('ENGLISH BULWORTH',) support: 3 confidence: 100.0 
('SINNERS ATLANTIS', 'ENGLISH BULWORTH') ==> ('EFFECT GLADIATOR',) support: 3 confidence: 75.0 
('SINNERS ATLANTIS', 'LOVER TRUMAN') ==> ('NAME DETECTIVE',) support: 3 confidence: 100.0 
('SINNERS ATLANTIS', 'NAME DETECTIVE') ==> ('LOVER TRUMAN',) support: 3 confidence: 100.0 
('SLIPPER FIDELITY', 'DISTURBING SCARFACE') ==> ('RIDGEMONT SUBMARINE',) support: 3 confidence: 75.0 
('SLIPPER FIDELITY', 'LAWRENCE LOVE') ==> ('SORORITY QUEEN',) support: 3 confidence: 100.0 
('SLIPPER FIDELITY', 'RIDGEMONT SUBMARINE') ==> ('DISTURBING SCARFACE',) support: 3 confidence: 75.0 
('SLIPPER FIDELITY', 'SORORITY QUEEN') ==> ('LAWRENCE LOVE',) support: 3 confidence: 100.0 
('SNATCH SLIPPER', 'JUGGLER HARDLY') ==> ('WESTWARD SEABISCUIT',) support: 3 confidence: 100.0 
('SNATCH SLIPPER', 'STRAIGHT HOURS') ==> ('TITANIC BOONDOCK',) support: 3 confidence: 100.0 
('SNATCH SLIPPER', 'TITANIC BOONDOCK') ==> ('STRAIGHT HOURS',) support: 3 confidence: 100.0 
('SNATCH SLIPPER', 'WESTWARD SEABISCUIT') ==> ('JUGGLER HARDLY',) support: 3 confidence: 75.0 
('SNOWMAN ROLLERCOASTER', 'DETAILS PACKER') ==> ('GROOVE FICTION',) support: 3 confidence: 100.0 
('SNOWMAN ROLLERCOASTER', 'GROOVE FICTION') ==> ('DETAILS PACKER',) support: 3 confidence: 100.0 
('SORORITY QUEEN', 'LAWRENCE LOVE') ==> ('SLIPPER FIDELITY',) support: 3 confidence: 100.0 
('SORORITY QUEEN', 'SLIPPER FIDELITY') ==> ('LAWRENCE LOVE',) support: 3 confidence: 100.0 
('SOUTH WAIT', 'ANGELS LIFE') ==> ('PACIFIC AMISTAD',) support: 3 confidence: 100.0 
('SOUTH WAIT', 'GREEK EVERYONE') ==> ('NIGHTMARE CHILL',) support: 3 confidence: 100.0 
('SOUTH WAIT', 'NIGHTMARE CHILL') ==> ('GREEK EVERYONE',) support: 3 confidence: 100.0 
('SOUTH WAIT', 'PACIFIC AMISTAD') ==> ('ANGELS LIFE',) support: 3 confidence: 100.0 
('SPEAKEASY DATE', 'BIRCH ANTITRUST') ==> ('FIREBALL PHILADELPHIA',) support: 3 confidence: 100.0 
('SPEAKEASY DATE', 'FIREBALL PHILADELPHIA') ==> ('BIRCH ANTITRUST',) support: 3 confidence: 100.0 
('SPLENDOR PATTON', 'ARMY FLINTSTONES') ==> ('LOVE SUICIDES',) support: 3 confidence: 100.0 
('SPLENDOR PATTON', 'LOVE SUICIDES') ==> ('ARMY FLINTSTONES',) support: 3 confidence: 100.0 
('SPY MILE', 'CAMPUS REMEMBER') ==> ('VIRGINIAN PLUTO',) support: 3 confidence: 100.0 
('SPY MILE', 'COAST RAINBOW') ==> ('VIRGINIAN PLUTO',) support: 3 confidence: 75.0 
('STAR OPERATION', 'CLASH FREDDY') ==> ('FELLOWSHIP AUTUMN',) support: 3 confidence: 100.0 
('STAR OPERATION', 'FELLOWSHIP AUTUMN') ==> ('CLASH FREDDY',) support: 3 confidence: 100.0 
('STATE WASTELAND', 'MADRE GABLES') ==> ('PRINCESS GIANT',) support: 3 confidence: 100.0 
('STATE WASTELAND', 'PRINCESS GIANT') ==> ('MADRE GABLES',) support: 3 confidence: 100.0 
('STEEL SANTA', 'FROST HEAD') ==> ('SAMURAI LION',) support: 3 confidence: 75.0 
('STEEL SANTA', 'SAMURAI LION') ==> ('FROST HEAD',) support: 3 confidence: 75.0 
('STEPMOM DREAM', 'LOVE SUICIDES') ==> ('TELEMARK HEARTBREAKERS',) support: 3 confidence: 100.0 
('STEPMOM DREAM', 'TELEMARK HEARTBREAKERS') ==> ('LOVE SUICIDES',) support: 3 confidence: 75.0 
('STRAIGHT HOURS', 'SNATCH SLIPPER') ==> ('TITANIC BOONDOCK',) support: 3 confidence: 100.0 
('STRAIGHT HOURS', 'TITANIC BOONDOCK') ==> ('SNATCH SLIPPER',) support: 3 confidence: 100.0 
('SWARM GOLD', 'ALASKA PHANTOM') ==> ('MIDSUMMER GROUNDHOG',) support: 3 confidence: 100.0 
('SWARM GOLD', 'FEUD FROGMEN') ==> ('ROCKY WAR',) support: 3 confidence: 75.0 
('SWARM GOLD', 'MIDSUMMER GROUNDHOG') ==> ('ALASKA PHANTOM',) support: 3 confidence: 100.0 
('SWARM GOLD', 'ROCKY WAR') ==> ('FEUD FROGMEN',) support: 3 confidence: 100.0 
('SWEETHEARTS SUSPECTS', 'DANCING FEVER') ==> ('DANGEROUS UPTOWN',) support: 3 confidence: 75.0 
('SWEETHEARTS SUSPECTS', 'DANGEROUS UPTOWN') ==> ('DANCING FEVER',) support: 3 confidence: 100.0 
('SWEETHEARTS SUSPECTS', 'TROUBLE DATE') ==> ('WESTWARD SEABISCUIT',) support: 3 confidence: 75.0 
('SWEETHEARTS SUSPECTS', 'WESTWARD SEABISCUIT') ==> ('TROUBLE DATE',) support: 3 confidence: 75.0 
('TEEN APOLLO', 'ARACHNOPHOBIA ROLLERCOASTER') ==> ('DORADO NOTTING',) support: 3 confidence: 75.0 
('TELEGRAPH VOYAGE', 'CLUELESS BUCKET') ==> ('FANTASY TROOPERS',) support: 3 confidence: 100.0 
('TELEGRAPH VOYAGE', 'FANTASY TROOPERS') ==> ('CLUELESS BUCKET',) support: 3 confidence: 100.0 
('TELEMARK HEARTBREAKERS', 'LOVE SUICIDES') ==> ('STEPMOM DREAM',) support: 3 confidence: 100.0 
('TELEMARK HEARTBREAKERS', 'STEPMOM DREAM') ==> ('LOVE SUICIDES',) support: 3 confidence: 75.0 
('TIGHTS DAWN', 'AMADEUS HOLY') ==> ('BOOGIE AMELIE',) support: 3 confidence: 100.0 
('TIGHTS DAWN', 'BOOGIE AMELIE') ==> ('AMADEUS HOLY',) support: 3 confidence: 75.0 
('TIMBERLAND SKY', 'CELEBRITY HORN') ==> ('TOURIST PELICAN',) support: 3 confidence: 75.0 
('TIMBERLAND SKY', 'TOURIST PELICAN') ==> ('CELEBRITY HORN',) support: 3 confidence: 100.0 
('TITANIC BOONDOCK', 'SNATCH SLIPPER') ==> ('STRAIGHT HOURS',) support: 3 confidence: 100.0 
('TITANIC BOONDOCK', 'STRAIGHT HOURS') ==> ('SNATCH SLIPPER',) support: 3 confidence: 100.0 
('TOMATOES HELLFIGHTERS', 'MAIDEN HOME') ==> ('MOCKINGBIRD HOLLYWOOD',) support: 3 confidence: 75.0 
('TOMATOES HELLFIGHTERS', 'MOCKINGBIRD HOLLYWOOD') ==> ('MAIDEN HOME',) support: 3 confidence: 100.0 
('TORQUE BOUND', 'KISSING DOLLS') ==> ('REQUIEM TYCOON',) support: 3 confidence: 100.0 
('TOURIST PELICAN', 'TIMBERLAND SKY') ==> ('CELEBRITY HORN',) support: 3 confidence: 100.0 
('TRADING PINOCCHIO', 'DOUBLE WRATH') ==> ('GOODFELLAS SALUTE',) support: 3 confidence: 100.0 
('TRADING PINOCCHIO', 'GOODFELLAS SALUTE') ==> ('DOUBLE WRATH',) support: 3 confidence: 100.0 
('TROJAN TOMORROW', 'ANTHEM LUKE') ==> ('HILLS NEIGHBORS',) support: 3 confidence: 100.0 
('TROJAN TOMORROW', 'ANTHEM LUKE') ==> ('IDOLS SNATCHERS',) support: 3 confidence: 100.0 
('TROJAN TOMORROW', 'ANTHEM LUKE', 'HILLS NEIGHBORS') ==> ('IDOLS SNATCHERS',) support: 3 confidence: 100.0 
('TROJAN TOMORROW', 'ANTHEM LUKE', 'IDOLS SNATCHERS') ==> ('HILLS NEIGHBORS',) support: 3 confidence: 100.0 
('TROJAN TOMORROW', 'HILLS NEIGHBORS') ==> ('ANTHEM LUKE',) support: 3 confidence: 75.0 
('TROJAN TOMORROW', 'HILLS NEIGHBORS') ==> ('IDOLS SNATCHERS',) support: 3 confidence: 75.0 
('TROJAN TOMORROW', 'HILLS NEIGHBORS', 'ANTHEM LUKE') ==> ('IDOLS SNATCHERS',) support: 3 confidence: 100.0 
('TROJAN TOMORROW', 'HILLS NEIGHBORS', 'IDOLS SNATCHERS') ==> ('ANTHEM LUKE',) support: 3 confidence: 100.0 
('TROJAN TOMORROW', 'IDOLS SNATCHERS') ==> ('ANTHEM LUKE',) support: 3 confidence: 75.0 
('TROJAN TOMORROW', 'IDOLS SNATCHERS') ==> ('HILLS NEIGHBORS',) support: 3 confidence: 75.0 
('TROJAN TOMORROW', 'IDOLS SNATCHERS', 'ANTHEM LUKE') ==> ('HILLS NEIGHBORS',) support: 3 confidence: 100.0 
('TROJAN TOMORROW', 'IDOLS SNATCHERS', 'HILLS NEIGHBORS') ==> ('ANTHEM LUKE',) support: 3 confidence: 100.0 
('TROUBLE DATE', 'SWEETHEARTS SUSPECTS') ==> ('WESTWARD SEABISCUIT',) support: 3 confidence: 75.0 
('TROUBLE DATE', 'WESTWARD SEABISCUIT') ==> ('SWEETHEARTS SUSPECTS',) support: 3 confidence: 100.0 
('VIRGINIAN PLUTO', 'COAST RAINBOW') ==> ('SPY MILE',) support: 3 confidence: 100.0 
('WARDROBE PHANTOM', 'CHICKEN HELLFIGHTERS') ==> ('WITCHES PANIC',) support: 3 confidence: 75.0 
('WARDROBE PHANTOM', 'WITCHES PANIC') ==> ('CHICKEN HELLFIGHTERS',) support: 3 confidence: 100.0 
('WESTWARD SEABISCUIT', 'JUGGLER HARDLY') ==> ('SNATCH SLIPPER',) support: 3 confidence: 100.0 
('WESTWARD SEABISCUIT', 'SNATCH SLIPPER') ==> ('JUGGLER HARDLY',) support: 3 confidence: 75.0 
('WESTWARD SEABISCUIT', 'SWEETHEARTS SUSPECTS') ==> ('TROUBLE DATE',) support: 3 confidence: 75.0 
('WESTWARD SEABISCUIT', 'TROUBLE DATE') ==> ('SWEETHEARTS SUSPECTS',) support: 3 confidence: 100.0 
('WITCHES PANIC', 'BARBARELLA STREETCAR') ==> ('RIDGEMONT SUBMARINE',) support: 3 confidence: 75.0 
('WITCHES PANIC', 'RIDGEMONT SUBMARINE') ==> ('BARBARELLA STREETCAR',) support: 3 confidence: 100.0 
('WITCHES PANIC', 'WARDROBE PHANTOM') ==> ('CHICKEN HELLFIGHTERS',) support: 3 confidence: 100.0 
('WOLVES DESIRE', 'ALTER VICTORY') ==> ('ROBBERS JOON',) support: 3 confidence: 100.0 
('WOLVES DESIRE', 'ROBBERS JOON') ==> ('ALTER VICTORY',) support: 3 confidence: 100.0 
('WORKING MICROCOSMOS', 'PULP BEVERLY') ==> ('MILLION ACE',) support: 3 confidence: 75.0 
('WRONG BEHAVIOR', 'ESCAPE METROPOLIS') ==> ('HUNCHBACK IMPOSSIBLE',) support: 3 confidence: 100.0 
('WRONG BEHAVIOR', 'HUNCHBACK IMPOSSIBLE') ==> ('ESCAPE METROPOLIS',) support: 3 confidence: 100.0 
('ZORRO ARK', 'ROSES TREASURE') ==> ('SEABISCUIT PUNK',) support: 3 confidence: 75.0 
('ZORRO ARK', 'SEABISCUIT PUNK') ==> ('ROSES TREASURE',) support: 3 confidence: 75.0 
